°üÃøÀÏ½Ã,°¡¹³(MSWSI),°¡¹³(SPI6),Æò±Õ Àú¼öÀ²,Æò±Õ ¿ë¼ö°ø±Þ·®,Æò±Õ °­¿ì·®,Æò±Õ±â¿Â,Æò±Õ À¯ÀÔ·®-“‡·ù·®
2013-01-05,0,0,53.92,0.693466667,0.137613333,-9.466666667,-0.486933334
2013-01-12,-0.5,0,51.01428571,0.721,0,-6.942857143,-0.558
2013-01-19,0,0,48.35714286,0.722285714,0,-4.957142857,-0.524142857
2013-01-26,0,0,45.98571429,0.722571429,3.638271429,-4.571428571,-0.523428572
2013-02-02,0.5,0,43.67142857,0.718285714,2.076014286,-0.828571429,-0.222714285
2013-02-09,0,1,44.37142857,0.610285714,1.276542857,-5.642857143,0.115857143
2013-02-16,0,0,43.85714286,0.622428571,0,-4.628571429,-0.216714285
2013-02-23,-0.5,0,42.51428571,0.642571429,0.066842857,-3.414285714,-0.320857143
2013-03-02,-0.5,0,41.02857143,0.655428571,0.142857143,0.828571429,-0.198428571
2013-03-09,-0.5,0,41.42857143,0.578285714,0.076014286,5.414285714,0.372
2013-03-16,1,0,48.48571429,0.571285714,3.2097,3.828571429,2.156
2013-03-23,1,0,59.31428571,0.573142857,4.5806,4.614285714,2.281857143
2013-03-30,0,0,65.78571429,0.560714286,0.857142857,3.757142857,0.907714285
2013-04-06,0,0,69.72857143,0.554142857,3.428571429,6.371428571,0.916142857
2013-04-13,0,0,73.34285714,0.547,0.2097,3.771428571,0.305857143
2013-04-20,0,0,73.11428571,0.423142857,3.553085714,5.9,0.001857143
2013-04-27,0,0,73.14285714,0.535857143,1.504585714,8.214285714,0.018142857
2013-05-04,0,0,73.08571429,0.524285714,1.808642857,9.342857143,-0.034714285
2013-05-11,-0.5,0,72.78571429,0.532285714,0.933157143,15.58571429,-0.081
2013-05-18,-0.5,0,72.22857143,0.544571429,0.285714286,15.74285714,-0.150428571
2013-05-25,0,0,72.8,0.533857143,4.456085714,16.92857143,0.115714286
2013-06-01,0,0,72.6,0.512,3.781128571,18.15714286,-0.006714286
2013-06-08,0,0,72.04285714,0.518,0.228042857,17.6,-0.166857143
2013-06-15,-0.5,0,71.14285714,0.512714286,0.875485714,18.44285714,-0.214571429
2013-06-22,0,0,72.12857143,0.513285714,11.42592857,20.48571429,0.489571429
2013-06-29,-0.5,0,72.45714286,0.533142857,1.905642857,19.52857143,-0.163571428
2013-07-06,-0.5,0,71.95714286,0.530428571,3.170371429,22.28571429,-0.084285714
2013-07-13,-0.5,0,71.28571429,0.540571429,3.173014286,24.25714286,-0.165142858
2013-07-20,0,0,68.22857143,0.576,32.94108571,23.02857143,0.24971429
2013-07-27,0,0,71.41428571,0.593714286,7.6291,23.84285714,-0.823142857
2013-08-03,0,0,70.17142857,0.619857143,1.218871429,23.71428571,0.540571428
2013-08-10,-0.5,0,70.72857143,0.620285714,0.3709,26.37142857,-0.115714285
2013-08-17,-1,0,69.25714286,0.635571429,0,25.9,-0.375142858
2013-08-24,-1,0,67.1,0.619,4.249028571,23.67142857,-0.28
2013-08-31,-1,0,65.75714286,0.603142857,2.836157143,20.85714286,-0.349571428
2013-09-07,-1,-1,64.18571429,0.575142857,0.714285714,16.02857143,-0.355714286
2013-09-14,-1,-1,62.5,0.583714286,5.665785714,18.75714286,-0.184428572
2013-09-21,-1,-1,61.77142857,0.572857143,0,17.7,-0.285857143
2013-09-28,-0.5,-1,60.78571429,0.573857143,3.896471429,14.7,-0.132428572
2013-10-05,0,-1,69.71428571,0.515857143,10.8873,14.32857143,2.551285714
2013-10-12,0.5,-1,74.18571429,0.481,10.18871429,15.41428571,0.285857143
2013-10-19,0,0,73.12857143,0.508428571,2.027514286,8.642857143,-0.201714286
2013-10-26,0,-1,72.34285714,0.520714286,0.218871429,9.242857143,-0.183428571
2013-11-02,0,-1,71.54285714,0.575142857,0.142857143,8.371428571,-0.199857143
2013-11-09,0,-1,70.45714286,0.591,0.428571429,8,-0.246142857
2013-11-16,-0.5,-1,69.1,0.604714286,0.361728571,3.171428571,-0.305857143
2013-11-23,-0.5,-1,67.27142857,0.634714286,0,0.471428571,-0.408285715
2013-11-30,0,-1,66.02857143,0.605857143,2.723457143,-0.785714286,-0.235
2013-12-07,0,-1,64.72857143,0.602857143,0,1.771428571,-0.299428572
2013-12-14,0.5,-1,63.57142857,0.600428571,1.972485714,-2.942857143,-0.183571428
2013-12-21,0.5,-1,62.57142857,0.611571429,0.066842857,-3.885714286,-0.256142858
2013-12-28,0,-1,61,0.629857143,0,-5.114285714,-0.381857143
2014-01-04,0,-1,59.18571429,0.654571429,0.2097,-1.071428571,-0.383714286
2014-01-11,0,-1,57.18571429,0.658428571,0,-4.042857143,-0.426285714
2014-01-18,-0.5,-1,54.95714286,0.672142857,0,-5.657142857,-0.475285714
2014-01-25,0,-1,52.71428571,0.677142857,0.781128571,-2.642857143,-0.415714286
2014-02-01,0,-1,50.72857143,0.684,1.133685714,1.028571429,-0.437571429
2014-02-08,1.5,0,49.77142857,0.632714286,6.330328571,-3.071428571,-0.069
2014-02-15,0,0,48.8,0.649,2.477071429,-5.028571429,-0.301285714
2014-02-22,0,0,47.17142857,0.652428571,1,-2.942857143,-0.346
2014-03-01,0,0,46.61428571,0.625428571,0.2097,2.085714286,0.281285715
2014-03-08,0,0,49.31428571,0.614285714,0.2097,-2.157142857,0.514285715
2014-03-15,0,0,51.01428571,0.636142857,4.170371429,0.1,0.398571429
2014-03-22,0.5,0,67.81428571,0.595857143,1.705114286,5.371428571,4.317142857
2014-03-29,0.5,0,75.17142857,0.569571429,0.942328571,10.78571429,0.231
2014-04-05,0,0,73.71428571,0.549,4.656614286,6.085714286,-0.338142857
2014-04-12,0,0,73.7,0.547,0.656614286,8.757142857,0.015428572
2014-04-19,-0.5,0,72.74285714,0.543142857,0.504585714,10.84285714,-0.152285715
2014-04-26,-0.5,0,72.2,0.524571429,0,12.32857143,-0.075714286
2014-05-03,0,0,74.01428571,0.528571429,14.77195714,12.28571429,0.28942857
2014-05-10,-0.5,0,72.94285714,0.533428571,0.969842857,11.14285714,-0.183142857
2014-05-17,-0.5,0,72.31428571,0.530571429,0.990828571,16.01428571,-0.106
2014-05-24,-0.5,0,71.74285714,0.510714286,0,16.98571429,-0.136
2014-05-31,-0.5,0,70.65714286,0.531857143,0.2097,21.05714286,-0.300142857
2014-06-07,0,0,68.9,0.539,5.133685714,17.11428571,-0.178428571
2014-06-14,-0.5,0,68.51428571,0.543,4.043214286,15.57142857,-0.133
2014-06-21,-0.5,0,67.42857143,0.56,0.456085714,18.3,-0.337857143
2014-06-28,-0.5,0,67.72857143,0.636571429,8.3381,18.18571429,0.56
2014-07-05,-0.5,0,69.91428571,0.543571429,3.875485714,18.95714286,0.284
2014-07-12,-1,0,71.18571429,0.539285714,1.076014286,21.95714286,0.000142857
2014-07-19,-1,-1,70.14285714,0.537571429,6.965957143,23.05714286,-0.194714286
2014-07-26,-0.5,-1,69.11428571,0.566142857,2.285714286,24.08571429,-0.267285714
2014-08-02,-0.5,-1,67.44285714,0.588714286,1.550442857,22.25714286,-0.382142857
2014-08-09,0,-1,67.62857143,0.592857143,13.0157,21.1,0.146428572
2014-08-16,-0.5,-1,69.05714286,0.548,16.36825714,19.55714286,0.32457143
2014-08-23,0,0,69.6,0.540428571,19.88465714,19.9,0.43371429
2014-08-30,-0.5,0,72.44285714,0.510571429,5.0642,18.27142857,0.532142857
2014-09-06,0.5,0,73.55714286,0.513428571,7.857142857,17.95714286,0.092285715
2014-09-13,-0.5,0,73.08571429,0.516714286,1.425928571,18.3,-0.336714286
2014-09-20,-0.5,0,72.14285714,0.519285714,0.3709,15.47142857,-0.151571428
2014-09-27,0,0,73.54285714,0.504714286,10.70247143,15.18571429,0.427285715
2014-10-04,0,0,73.05714286,0.482571429,1.103528571,13.97142857,-0.244714286
2014-10-11,-0.5,0,72.37142857,0.477714286,0.495414286,11,-0.121571428
2014-10-18,0,0,75.25714286,0.475142857,10.18871429,9.485714286,0.243857143
2014-10-25,1,0,74.98571429,0.454857143,14.96067143,10.37142857,-0.01528571
2014-11-01,0,0,72.78571429,0.450285714,6.057671429,9.414285714,0.384857143
2014-11-08,0,0,71.47142857,0.430857143,0.437742857,7.214285714,-0.446
2014-11-15,0,0,70.3,0.418714286,0.218871429,3.414285714,-0.136857143
2014-11-22,0,0,69.9,0.424857143,0,3.028571429,-0.060571428
2014-11-29,0,0,69.97142857,0.426857143,3.066842857,5.057142857,0.060714286
2014-12-06,0,0,69.82857143,0.423428571,1.066842857,-4.314285714,-0.075571429
2014-12-13,0,0,69.51428571,0.466714286,0,-3.757142857,-0.090714286
2014-12-20,0,0,68.9,0.465285714,0.571428571,-6.185714286,-0.165428571
2014-12-27,0,0,68.31428571,0.474285714,0,-4.557142857,-0.104571428
2015-01-03,0,0,67.58571429,0.505571429,0,-4.057142857,-0.208285715
2015-01-10,0,0,66.47142857,0.531285714,0.285714286,-3.114285714,-0.266
2015-01-17,0,0,65.12857143,0.540285714,0.066842857,-2.642857143,-0.292714285
2015-01-24,0,0,63.88571429,0.533142857,1.142857143,-2,-0.246428571
2015-01-31,0,0,62.47142857,0.516285714,0.352557143,-2.771428571,-0.330285714
2015-02-07,0,0,61.22857143,0.532857143,0,-3.1,-0.270428572
2015-02-14,0,0,59.75714286,0.542,0,-4.157142857,-0.324
2015-02-21,0,0,58.24285714,0.559714286,1.486242857,0.2,-0.334571429
2015-02-28,-0.5,0,57.32857143,0.511285714,0,0.157142857,-0.152142857
2015-03-07,-0.5,0,56.12857143,0.506285714,0,-1.2,-0.288714285
2015-03-14,-0.5,0,54.81428571,0.496571429,0.504585714,-0.714285714,-0.286285715
2015-03-21,-0.5,0,54.42857143,0.467285714,3.228042857,7.571428571,0.245142857
2015-03-28,-1,0,55.87142857,0.401714286,0,5.542857143,0.095857143
2015-04-04,0,0,56.07142857,0.419,2.504585714,9,0.206285714
2015-04-11,-0.5,0,57.9,0.427285714,1.304057143,4.6,0.402428572
2015-04-18,0,0,60.85714286,0.406,3.903,7.914285714,1.051
2015-04-25,0,0,67.38571429,0.386857143,2.808642857,11.25714286,1.345142857
2015-05-02,-0.5,-1,70.15714286,0.398428571,0,17.1,0.106285714
2015-05-09,-1,-1,69.58571429,0.408428571,0,15.02857143,-0.197
2015-05-16,-1,-1,68.7,0.398142857,1.1612,15.82857143,-0.210428571
2015-05-23,-1,-1,67.58571429,0.397285714,0.571428571,16.6,-0.268285714
2015-05-30,-1,-1.5,66.14285714,0.413714286,0,19.55714286,-0.354
2015-06-06,-1,-1.5,64.15714286,0.447,0.437742857,17.45714286,-0.465285714
2015-06-13,-1,-1.5,62.21428571,0.473857143,3.504585714,20.05714286,-0.415571429
2015-06-20,-0.5,-1.5,60.25714286,0.463285714,1.4194,17.37142857,-0.424285715
2015-06-27,0,-1,58.91428571,0.408571429,10.26208571,17.77142857,0.126571429
2015-07-04,-0.5,-1,60.04285714,0.399428571,0.152028571,19,-0.084428571
2015-07-11,-1,-1,59.51428571,0.410857143,6.474428571,19.07142857,0.112571429
2015-07-18,-0.5,-1,66.38571429,0.376,6.796828571,19.17142857,1.832285714
2015-07-25,0,-1,70.35714286,0.386,10.02751429,22.45714286,1.117428571
2015-08-01,-0.5,-1,71.62857143,0.387571429,1.228042857,25.11428571,-0.587142857
2015-08-08,-0.5,-1,70.58571429,0.419857143,2.899114286,24.95714286,-0.076428571
2015-08-15,-1,-1.5,70.38571429,0.373571429,1.3224,21.27142857,-0.091285714
2015-08-22,-1,-1.5,69.67142857,0.36,0.647442857,20.61428571,-0.196857143
2015-08-29,-0.5,-1.5,71.48571429,0.347428571,36.50598571,18.74285714,0.53328571
2015-09-05,-0.5,-1.5,71.41428571,0.329714286,2.039328571,18.67142857,-0.138285714
2015-09-12,-0.5,-1.5,72.15714286,0.319571429,2.060314286,15.6,0.045857143
2015-09-19,-0.5,-1.5,70.9,0.321714286,0,14.15714286,-0.137714286
2015-09-26,-0.5,-1.5,70.55714286,0.330857143,0.228042857,15.7,-0.061
2015-10-03,-0.5,-1.5,70.31428571,0.33,3.960671429,14.51428571,-0.015142857
2015-10-10,-1,-1.5,70.2,0.314714286,0.437742857,12.32857143,-0.106142857
2015-10-17,-1,-2,69.55714286,0.329,0.218871429,10.57142857,-0.121142857
2015-10-24,-0.5,-2,69.05714286,0.334428571,0,13.47142857,-0.105571428
2015-10-31,-1,-2,68.61428571,0.311857143,0.857142857,6.857142857,-0.12
2015-11-07,0,-1.5,68.07142857,0.310285714,6.608114286,7.171428571,0.059857143
2015-11-14,1,-1.5,72.51428571,0.278,9.6933,8.214285714,1.590142857
2015-11-21,1,-1,73.7,0.287,5.522928571,6.571428571,-0.659571428
2015-11-28,0.5,-1,72.18571429,0.299857143,3.228042857,0.628571429,-0.308428572
2015-12-05,0.5,-1,71.1,0.287,1.267371429,0.6,-0.076571429
2015-12-12,0.5,-1,70.9,0.297571429,0.705114286,1.785714286,-0.045857143
2015-12-19,0.5,-1,70.68571429,0.295857143,0.142857143,-1.428571429,-0.076285714
2015-12-26,0,-1,70.52857143,0.302,0.276542857,0.014285714,-0.030428571
2016-01-02,0,-1,70.18571429,0.307142857,0,-2.742857143,-0.045571429
2016-01-09,0,-1,69.92857143,0.307,0,-2.157142857,-0.091
2016-01-16,0,0,69.61428571,0.31,0,-5.542857143,-0.075714286
2016-01-23,0,0,69.11428571,0.331142857,0.066842857,-9.1,-0.120571428
2016-01-30,0,0,68.32857143,0.354142857,1.285714286,-6.214285714,-0.18
2016-02-06,-0.5,0,67.58571429,0.341142857,0,-5.757142857,-0.148857143
2016-02-13,0,0,67.12857143,0.345571429,2.276542857,0.842857143,0.014714285
2016-02-20,0,0,67.85714286,0.329714286,0.142857143,-2.757142857,0.119285714
2016-02-27,-0.5,0,70.51428571,0.314428571,0.638271429,-2.171428571,-0.089571428
2016-03-05,-0.5,0,70.18571429,0.325714286,4.331571429,-0.114285714,0.044714285
2016-03-12,0,0,72.77142857,0.344,0,1.285714286,0.587571428
2016-03-19,-0.5,0,73.61428571,0.297571429,0,4.528571429,-0.061
2016-03-26,-0.5,0,72.37142857,0.301285714,1.152028571,2.457142857,-0.060571428
2016-04-02,-1,0,72.35714286,0.303142857,0,9.214285714,0.060571429
2016-04-09,-0.5,0,74.1,0.285428571,4.933157143,10.48571429,0.428571428
2016-04-16,0,0,74.6,0.271428571,1.9515,9.285714286,-0.261
2016-04-23,0,1,74.3,0.284285714,3.7903,11.27142857,0.137857143
2016-04-30,0,1,74.47142857,0.271571429,1.7903,10.25714286,-0.153285714
2016-05-07,-0.5,0,71.11428571,0.321571429,0.428571429,15.84285714,-0.091571428
2016-05-14,-0.5,0,70.55714286,0.291142857,4.3709,13.34285714,0.061
2016-05-21,-1,0,70.51428571,0.278285714,1.218871429,15.8,-0.106714285
2016-05-28,-1,0,69.87142857,0.281142857,0.5806,17.62857143,-0.136285714
2016-06-04,-1,0,68.92857143,0.266714286,0,17.94285714,-0.256142857
2016-06-11,-1,0,67.67142857,0.298142857,0,18.54285714,-0.268714286
2016-06-18,-1,0,66.52857143,0.265714286,0.905642857,19.87142857,-0.266142857
2016-06-25,-1,0,65.18571429,0.287285714,3.2582,20.1,-0.263142857
2016-07-02,0,0,64.05714286,0.282,8.009171429,20.55714286,-0.131
2016-07-09,-0.5,0,73.77142857,0.297428571,34.26208571,20.57142857,1.47414286
2016-07-16,-0.5,0,70.42857143,0.297857143,12.55308571,21.2,1.946857143
2016-07-23,0,0,71.22857143,0.304428571,0,20.84285714,-1.900714289
2016-07-30,-0.5,0,70.72857143,0.316,0.522928571,25.12857143,-0.168
2016-08-06,-0.5,0,70.55714286,0.345142857,3.7746,23.41428571,0.030285714
2016-08-13,-0.5,0,70,0.324714286,4.070728571,25,-0.212428571
2016-08-20,-0.5,0,69.65714286,0.333714286,4.251671429,23.67142857,-0.030142857
2016-08-27,-0.5,0,68.87142857,0.339571429,4.066842857,20.34285714,-0.135571429
2016-09-03,0,0,72.32857143,0.287571429,16.98818571,16.48571429,-0.19485714
2016-09-10,0,0,70.41428571,0.293714286,0.601585714,19.05714286,0.695142857
2016-09-17,-0.5,0,70.94285714,0.314714286,5.255557143,17.68571429,0.030571428
2016-09-24,0,0,72.52857143,0.279,2.6933,14.15714286,0.076857142
2016-10-01,-0.5,0,71.08571429,0.291857143,0.589771429,15.18571429,-0.153142857
2016-10-08,0,0,71.47142857,0.297857143,7.057671429,15.32857143,0.260857143
2016-10-15,0,0,71.41428571,0.3,0,10.31428571,-0.245571428
2016-10-22,0,0,70.47142857,0.302428571,1.446914286,12.28571429,-0.167714285
2016-10-29,0,0,71.1,0.307428571,4.474428571,8.457142857,0.183
2016-11-05,0,0,70.78571429,0.297428571,0,4.957142857,-0.061142857
2016-11-12,0,0,70.68571429,0.305428571,1.389242857,5.2,-0.015285714
2016-11-19,0,0,70.42857143,0.303428571,0.294885714,7.3,-0.076142857
2016-11-26,0,0,70.04285714,0.306571429,0.066842857,1.071428571,-0.091
2016-12-03,-0.5,0,69.57142857,0.326714286,0.218871429,1.542857143,-0.106
2016-12-10,0,0,68.91428571,0.334285714,0,-0.028571429,-0.165428571
2016-12-17,0,0,68.24285714,0.349857143,0.571428571,-1.971428571,-0.134857143
2016-12-24,1,0,68.44285714,0.352,4.389242857,1.842857143,0.360857143
2016-12-31,1,0,70.02857143,0.346285714,1.142857143,-2.628571429,0.060571429
2017-01-07,0.5,-1,69.9,0.404142857,0.2097,0.214285714,-0.015142857
2017-01-14,0,-1,69.55714286,0.360285714,0.2097,-4.828571429,-0.151142857
2017-01-21,0,0,68.88571429,0.366428571,1.0485,-6.314285714,-0.105142857
2017-01-28,0,0,68.38571429,0.375857143,0.142857143,-6.957142857,-0.12
2017-02-04,0,0,67.7,0.37,0.4194,-2.728571429,-0.149
2017-02-11,0,0,66.94285714,0.356142857,0,-5.271428571,-0.192857143
2017-02-18,0,0,66.21428571,0.355,0.285714286,-0.685714286,-0.147285714
2017-02-25,0,0,65.75714286,0.338571429,2.446914286,-1.457142857,-0.073571429
2017-03-04,-0.5,0,65.24285714,0.342,0.4194,0.771428571,-0.117285714
2017-03-11,-1,0,64.64285714,0.331142857,0,-0.614285714,-0.116571428
2017-03-18,-1,0,64.14285714,0.326714286,0.361728571,1.628571429,-0.116571429
2017-03-25,-1,0,63.77142857,0.321,0.647442857,2.842857143,-0.057857143
2017-04-01,-1,0,63.68571429,0.310857143,3.294885714,3.085714286,0.057857143
2017-04-08,-1,0,65.42857143,0.318142857,1.2097,10,0.689428572
2017-04-15,-0.5,0,69.27142857,0.313571429,2.647442857,9.257142857,0.797857143
2017-04-22,0,0,71.37142857,0.311428571,4.456085714,10.4,0.107142857
2017-04-29,0,0,70.77142857,0.310857143,0,12.08571429,-0.183285715
2017-05-06,-1,0,70.2,0.331714286,0,15.84285714,-0.136428571
2017-05-13,-1,0,69.4,0.310285714,0.866314286,14.82857143,-0.151285714
2017-05-20,-1,-1,68.75714286,0.328,0,15.48571429,-0.135142857
2017-05-27,-1,-1,67.94285714,0.324285714,1.695942857,14.94285714,-0.179571428
2017-06-03,-0.5,-1,67.1,0.322428571,1.893828571,17.67142857,-0.193142857
2017-06-10,-0.5,-1,66.07142857,0.316714286,0.7418,15.71428571,-0.279857143
2017-06-17,-1,-1,64.57142857,0.339714286,0.981657143,16.02857143,-0.335142857
2017-06-24,-1,-1.5,62.82857143,0.355285714,1.2739,20.51428571,-0.405285714
2017-07-01,-1,-1.5,61.18571429,0.339571429,1.313228571,20,-0.313
2017-07-08,1,0,67.85714286,0.328571429,18.82434286,22.35714286,1.524
2017-07-15,0,0,67.87142857,0.330142857,3.875485714,24.07142857,0.405285714
2017-07-22,-0.5,0,71.7,0.343571429,6.882014286,24.67142857,0.334428572
2017-07-29,-1,0,70.77142857,0.333714286,4.140214286,21.41428571,-0.061142857
2017-08-05,-1,0,70.9,0.371571429,2.085185714,22.34285714,0.015285714
2017-08-12,0,0,72.54285714,0.355,9.900357143,21.61428571,0.994571428
2017-08-19,0.5,0,76.25714286,0.344,14.1769,18.97142857,-0.04742857
2017-08-26,0,0,73.52857143,0.314571429,9.100885714,22.05714286,-0.96257143
2017-09-02,-0.5,0,69.02857143,0.321571429,2.449557143,16.38571429,-0.061
2017-09-09,-0.5,0,70.55714286,0.306857143,0.218871429,16.98571429,-0.000142857
2017-09-16,-0.5,0,70.35714286,0.306,2.522928571,15.8,-0.045571429
2017-09-23,-0.5,0,70.5,0.324285714,3.522928571,15.44285714,0.045714285
2017-09-30,-0.5,0,70.18571429,0.328285714,2.474428571,14.92857143,-0.091142857
2017-10-07,0,0,70.25714286,0.348,3.541271429,12.07142857,0.121571429
2017-10-14,0,0,70.68571429,0.316285714,1.5806,12.97142857,0
2017-10-21,-0.5,0,70.42857143,0.318428571,0.285714286,10.25714286,-0.076142857
2017-10-28,0,0,69.94285714,0.321714286,0.361728571,8.628571429,-0.106142858
2017-11-04,0,0,69.24285714,0.319,0.723457143,7.842857143,-0.166
2017-11-11,-0.5,0,68.65714286,0.324285714,0.504585714,7.828571429,-0.120142857
2017-11-18,-1,0,67.94285714,0.327857143,0,1.828571429,-0.184
2017-11-25,-0.5,0,66.88571429,0.360142857,0.200528571,-1.6,-0.186142857
2017-12-02,-1,0,65.98571429,0.328,1.571428571,1.271428571,-0.186571429
2017-12-09,-0.5,0,64.78571429,0.400714286,0,-3.228571429,-0.273428572
2017-12-16,-1,0,63.41428571,0.504142857,0.076014286,-6.871428571,-0.299142857
2017-12-23,-1,0,61.97142857,0.480285714,0,-3.585714286,-0.314714285
2017-12-30,-0.5,0,60.57142857,0.465142857,0.504585714,-3.5,-0.283285714
2018-01-06,-1,0,59.15714286,0.443,0,-4.557142857,-0.336428571
2018-01-13,-0.5,0,57.58571429,0.473,0,-7.7,-0.360714286
2018-01-20,-1,0,56.04285714,0.49,0.7903,-0.214285714,-0.302285714
2018-01-27,-1,0,54.37142857,0.49,0.142857143,-10.41428571,-0.394285714
2018-02-03,-0.5,0,52.44285714,0.49,0,-7.9,-0.421714286
2018-02-10,-1,-1,50.38571429,0.49,0,-8.342857143,-0.445857143
2018-02-17,-0.5,-1.5,48.18571429,0.49,0,-4.628571429,-0.446142857
2018-02-24,-0.5,-1.5,46.12857143,0.486428571,0,-1.671428571,-0.42
2018-03-03,0,-1,44.42857143,0.478,5.525571429,0.557142857,-0.334428571
2018-03-10,0,0,43.57142857,0.479714286,6.933157143,4.76E-17,-0.133857143
2018-03-17,0,0,48.07142857,0.468428571,0.7903,5.585714286,2.352142858
2018-03-24,0.5,0,59.8,0.462,7.1612,1.871428571,1.982571429
2018-03-31,0,0,70.61428571,0.464857143,0,11.47142857,1.921285714
2018-04-07,0,0,72.88571429,0.425714286,6.760142857,7.785714286,0.466142858
2018-04-14,0.5,0,72.02857143,0.452571429,3.884657143,8.128571429,-0.528
2018-04-21,0,0,71.62857143,0.425571429,0.076014286,12.87142857,-0.138142857
2018-04-28,1.5,0,73.77142857,0.439,9.787657143,9.671428571,0.245857143
2018-05-05,0,0,71.75714286,0.427571429,5.428571429,13.58571429,0.000142857
2018-05-12,0,0,71.98571429,0.36,3.723457143,11.64285714,-0.138571429
2018-05-19,1.5,0,72.14285714,0.36,8.231928571,17.02857143,0.605571429
2018-05-26,0.5,0,71.9,0.36,0.7903,14.71428571,-0.728142857
2018-06-02,0,0,70.38571429,0.360142857,0.875485714,18.4,-0.213285715
2018-06-09,-0.5,0,69.25714286,0.36,0.437742857,19.62857143,-0.287
2018-06-16,-0.5,0,68.22857143,0.367714286,1.152028571,13.67142857,-0.209571429
2018-06-23,-0.5,0,66.84285714,0.425,0,20.45714286,-0.353285714
2018-06-30,-0.5,0,65.84285714,0.545857143,9.027514286,22.64285714,0.029571429
2018-07-07,1,1,67.65714286,0.406428571,33.53862857,18.68571429,0.98957143
2018-07-14,-0.5,0,66.75714286,0.425285714,4.732628571,21.82857143,0.061
2018-07-21,-0.5,0,70.81428571,0.391714286,0,26.48571429,-0.122142857
2018-07-28,-0.5,0,69.65714286,0.407571429,0.380071429,26.72857143,-0.302857143
2018-08-04,-0.5,0,68.3,0.429142857,1.456085714,25.35714286,-0.323714286
2018-08-11,0,0,67.1,0.456857143,7.246385714,23.87142857,-0.044571429
2018-08-18,0,0,68.71428571,0.437428571,6.771957143,22.61428571,0.783857143
2018-08-25,0,0,70.87142857,0.42,12.84672857,22.88571429,0.122428571
2018-09-01,1,0,72.45714286,0.387714286,14.49805714,20.45714286,0.27757143
2018-09-08,1,0,68.98571429,0.382,16.76931429,18.84285714,-1.62642857
2018-09-15,-0.5,0,67.34285714,0.38,2.294885714,15.58571429,0.636571429
2018-09-22,0,0,71.44285714,0.384571429,11.04585714,16.85714286,1.712714286
2018-09-29,0,0,72.17142857,0.374714286,1.133685714,12.35714286,-1.046285714
2018-10-06,1,0,70.88571429,0.362857143,21.95538571,12.88571429,0.479
2018-10-13,0,0,72.51428571,0.363,0.142857143,9.528571429,-0.417857143
2018-10-20,1,0,71.58571429,0.349857143,5.255557143,8.528571429,0.169571428
2018-10-27,0,0,71.35714286,0.372142857,0.437742857,8.457142857,-0.322571429
2018-11-03,0,0,71.04285714,0.382285714,3.276542857,4.785714286,0.015285715
2018-11-10,1,0,71.61428571,0.364428571,5.9515,8.842857143,0.493285714
2018-11-17,0.5,0,71.78571429,0.351571429,0.076014286,4.985714286,-0.447571429
2018-11-24,0.5,0,70.74285714,0.346857143,0.410228571,1.628571429,-0.137428571
2018-12-01,0,0,70.32857143,0.366571429,0.228042857,2.814285714,-0.076142857
2018-12-08,0.5,0,70.54285714,0.344571429,4.057671429,0.714285714,0.137142857
2018-12-15,0,0,70.61428571,0.367714286,0.2097,-5.942857143,-0.076285714
2018-12-22,0,0,70.21428571,0.369428571,0,0.928571429,-0.091
2018-12-29,0,0,69.45714286,0.378714286,0,-5.171428571,-0.211571429
2019-01-05,-0.5,0,68.4,0.378,0,-6.042857143,-0.225142857
2019-01-12,0,0,67.35714286,0.371428571,0.357142857,-3.942857143,-0.228571429
2019-01-19,-0.5,0,66.32857143,0.385714286,0,-3.242857143,-0.214285714
2019-01-26,-0.5,0,65.22857143,0.374285714,0,-3.1,-0.230857143
2019-02-02,-0.5,0,64.04285714,0.394,0,-1.742857143,-0.275142857
2019-02-09,-0.5,1,63.02857143,0.389285714,1.923985714,-0.414285714,-0.201571428
2019-02-16,-0.5,1,61.9,0.337142857,0.066842857,-3.914285714,-0.249142857
2019-02-23,-0.5,0,60.68571429,0.364285714,1.142857143,-0.628571429,-0.238571428
2019-03-02,-1,0,59.61428571,0.384142857,0,2.8,-0.239
2019-03-09,-1,0,58.6,0.370428571,1.923985714,4.3,-0.195571428
2019-03-16,-0.5,0,57.91428571,0.352285714,3.410228571,1.2,-0.111
2019-03-23,0,0,58.35714286,0.343285714,2.304057143,5.185714286,0.447285715
2019-03-30,-0.5,0,60.3,0.328142857,0.847971429,5.014285714,0.169428572
2019-04-06,-1,0,60.64285714,0.329428571,0.066842857,4.285714286,0.014142858
2019-04-13,0,0,61.15714286,0.385857143,6.914814286,5.042857143,0.341428571
2019-04-20,0,0,68.98571429,0.376428571,0.066842857,10.45714286,1.938142857
2019-04-27,0,0,71.24285714,0.314571429,4.656614286,10.67142857,0.261571429
2019-05-04,0,0,71.67142857,0.321571429,0.218871429,12.74285714,-0.292142857
2019-05-11,-0.5,-1,70.54285714,0.330857143,0,13.85714286,-0.137571428
2019-05-18,-0.5,-1,69.91428571,0.342,0.437742857,16.38571429,-0.181857142
2019-05-25,-0.5,-1.5,69.01428571,0.347285714,0.142857143,18.22857143,-0.210857143
2019-06-01,-1,-1,67.81428571,0.328428571,0.361728571,17.88571429,-0.287571429
2019-06-08,0.5,0,68.04285714,0.331714286,13.53474286,19.2,1.193
2019-06-15,0,0,71.17142857,0.326428571,3.428571429,14.9,-0.415
2019-06-22,0,0,70.72857143,0.321857143,0.5806,18.07142857,-0.030571428
2019-06-29,-0.5,-1,67.88571429,0.557571429,3,18.9,-0.224142857
2019-07-06,-1,-1,66.74285714,0.319142857,1.009171429,20.58571429,-0.239714286
2019-07-13,-0.5,-1,69.82857143,0.334,13.28571429,17.97142857,1.406142858
2019-07-20,-0.5,-1,69.1,0.308714286,11.4508,20.57142857,-1.551285714
2019-07-27,-0.5,0,73.14285714,0.308857143,5.4836,24.7,1.624142857
2019-08-03,0,-1,70.7,0.335142857,1.343385714,25.72857143,-0.214
2019-08-10,0.5,0,71.27142857,0.319285714,16.51375714,24.44285714,0.444857143
2019-08-17,0.5,0,73.14285714,0.330285714,19.50722857,23.88571429,0.44142857
2019-08-24,-0.5,0,71.82857143,0.317857143,0.076014286,20.78571429,-0.759285714
2019-08-31,-0.5,-1,70.47142857,0.31,1.1612,19.57142857,-0.152428572
2019-09-07,0,0,69.65714286,0.324428571,9.1127,20.44285714,0.091428571
2019-09-14,0,0,72.57142857,0.324571429,6.762785714,19.17142857,0.414857143
2019-09-21,0,0,68.74285714,0.329571429,5.437742857,15.7,-3.122428572
2019-09-28,0,0,73,0.322571429,23.72081429,14.88571429,3.34228571
2019-10-05,1.5,0,70.45714286,0.320714286,17.08254286,17.37142857,0.48157143
2019-10-12,0,0,72.18571429,0.324142857,0.571428571,11.34285714,-0.619714286
2019-10-19,0,0,71.12857143,0.319,1.9515,10.11428571,-0.045857143
2019-10-26,-0.5,0,70.8,0.327285714,1.513757143,11.05714286,-0.061142857
2019-11-02,-0.5,0,70.67142857,0.344714286,0,9.314285714,-0.061142857
2019-11-09,-0.5,0,71.75714286,0.347714286,4.559614286,6.942857143,0.122142857
2019-11-16,-0.5,0,70.72857143,0.348428571,1.705114286,4.657142857,-0.107
2019-11-23,1,0,71.51428571,0.337285714,3.389242857,2.485714286,0.137428572
2019-11-30,0.5,0,71.04285714,0.332571429,2.981657143,3.457142857,-0.030571428
2019-12-07,0,0,71.01428571,0.334714286,0.142857143,-2.042857143,-0.061142857
2019-12-14,0,0,70.58571429,0.340142857,0.066842857,0.128571429,-0.061142857
2019-12-21,0,0,70.4,0.328571429,0,1.071428571,-0.045714286
2019-12-28,0,0,70.08571429,0.329714286,0,-1.528571429,-0.112142857
2020-01-04,-0.5,0,69.42857143,0.339,0.142857143,-2.4,-0.094285714
2020-01-11,1,0,70.92857143,0.335142857,7.553085714,-0.114285714,0.517571429
2020-01-18,0.5,0,70.9,0.332285714,0,-3.785714286,-0.214428572
2020-01-25,0.5,0,70.34285714,0.333714286,0,-0.114285714,-0.091285714
2020-02-01,0,0,70.3,0.327428571,8.085185714,-0.585714286,0
2020-02-08,0,0,69.92857143,0.324428571,0,-4.957142857,-0.106
2020-02-15,0,0,70.48571429,0.333714286,0.990828571,2.542857143,0.535
2020-02-22,0.5,1,71.94285714,0.328571429,1.200528571,-1.214285714,-0.261142858
2020-02-29,0.5,1,70.94285714,0.321714286,5.762785714,1.414285714,-0.015285715
2020-03-07,0.5,1,71.5,0.308714286,0,1.4,0.107285714
2020-03-14,0.5,1.5,72.45714286,0.305857143,2.714285714,3.642857143,0.123142857
2020-03-21,0,1,71.51428571,0.302714286,2.057671429,5.057142857,-0.092285715
2020-03-28,0,1,72.11428571,0.301857143,0.446914286,6.4,0.185
2020-04-04,-0.5,0,71.48571429,0.299285714,0.076014286,5.828571429,-0.292142857
2020-04-11,-1,0,70.78571429,0.299142857,0,5.1,-0.091714286
2020-04-18,-1,0,71.01428571,0.293857143,2.414114286,6.385714286,0.122285714
2020-04-25,-0.5,0,71.84285714,0.295428571,2.923985714,5.957142857,0.030714286
2020-05-02,-1,0,70.85714286,0.303857143,0.285714286,13.44285714,-0.153
2020-05-09,0,0,70.48571429,0.306714286,4.170371429,13.84285714,-0.030571429
2020-05-16,-0.5,0,70.51428571,0.309,2.228042857,15.07142857,0
2020-05-23,0.5,0,72.47142857,0.301,6.847971429,12.61428571,0.337142858
2020-05-30,-0.5,0,71.05714286,0.305,0.571428571,15.64285714,-0.322
2020-06-06,-1,0,70.08571429,0.311,0,19.58571429,-0.196857143
2020-06-13,-1,0,69.1,0.321,1.3709,22.67142857,-0.211142857
2020-06-20,-1,0,68.04285714,0.315857143,0.076014286,19.7,-0.238285714
2020-06-27,-1,0,66.74285714,0.300428571,0.218871429,20.91428571,-0.286428571
2020-07-04,-1,0,64.48571429,0.315142857,11.5007,17.94285714,0.062571429
2020-07-11,-0.5,0,66.05714286,0.320857143,1.313228571,19.94285714,0.058857143
2020-07-18,-1,0,73.9,0.323571429,15.66578571,16.77142857,1.28028572
2020-07-25,0.5,0,72.91428571,0.322142857,25.27918571,19.75714286,1.47828571
2020-08-01,0.5,0,72.62857143,0.326571429,9.449557143,20.62857143,-1.11371429
2020-08-08,1,0,69.77142857,0.333428571,22.44691429,21.92857143,-2.747
2020-08-15,1,0,71.65714286,0.336,11.94232857,24.47142857,2.314000003
2020-08-22,-0.5,0,69.5,0.346714286,0.981657143,23.92857143,-0.411714286
2020-08-29,-0.5,0,71.25714286,0.328,3.571428571,23.6,0.273714286
2020-09-05,2,0,65.95714286,0.324571429,30.45484286,19.87142857,-2.88985714
2020-09-12,0,1,69.82857143,0.318285714,27.82962857,16.88571429,3.63857143
2020-09-19,-0.5,0,72.52857143,0.325285714,0.352557143,16.4,-0.385857143
2020-09-26,0,0,72.01428571,0.318857143,8.674957143,13.11428571,0.635857143
2020-10-03,0,0,72.27142857,0.337571429,0.504585714,13.82857143,-0.636
2020-10-10,-0.5,0,70.7,0.338285714,0,10.97142857,-0.198714285
2020-10-17,-0.5,0,70.18571429,0.341142857,0,9.685714286,-0.091142857
2020-10-24,-0.5,0,69.62857143,0.345571429,0,8.128571429,-0.166428572
2020-10-31,-0.5,0,68.98571429,0.344,0,8.2,-0.120428571
2020-11-07,-1,0,68.18571429,0.339857143,0,7.857142857,-0.19471429
2020-11-14,-1,0,67.35714286,0.340571429,0,5.557142857,-0.178571429
2020-11-21,0,0,66.62857143,0.339857143,3.218871429,9.328571429,-0.089
2020-11-28,-1,0,66.05714286,0.340285714,0.2097,2,-0.191571428
2020-12-05,-1,0,65.07142857,0.337285714,0,-1.342857143,-0.234
2020-12-12,-1.5,0,64.05714286,0.345571429,0,0.542857143,-0.218
2020-12-19,-1.5,0,63,0.375428571,0.285714286,-7.028571429,-0.201571428
2020-12-26,-1,1,61.97142857,0.375571429,0,-1.742857143,-0.109857143
2021-01-02,-1,1,60.4,0.362,0,-4.4,-0.293
2021-01-09,-1,1,58.94285714,0.377,0,-9.871428571,-0.300571429
2021-01-16,-1.5,1,57.27142857,0.420571429,0,-2.985714286,-0.353428572
2021-01-23,-1,0,55.65714286,0.391142857,0.133685714,-2.5,-0.306428571
2021-01-30,-0.5,0,54.32857143,0.380571429,0.142857143,-2.157142857,-0.298857143
2021-02-06,-1,0,52.94285714,0.384857143,0.562257143,-1.142857143,-0.285857143
2021-02-13,-1,0,51.52857143,0.384857143,0,1.071428571,-0.293285714
2021-02-20,-1,0,50.22857143,0.391571429,0,-1.842857143,-0.243857143
2021-02-27,-1,0,48.92857143,0.405571429,0.133685714,3.742857143,-0.253571429
2021-03-06,-0.5,0,48.68571429,0.338,8.097,1.314285714,0.079
2021-03-13,-0.5,-1,49.61428571,0.326142857,1.7418,3.942857143,0.466285714
2021-03-20,-1,-1,52.91428571,0.316428571,0.218871429,6.071428571,0.685142858
2021-03-27,-1,-1.5,54.61428571,0.338857143,2.228042857,7.771428571,0.163
2021-04-03,0,0,56.12857143,0.369857143,6.401057143,9.142857143,0.507857143
2021-04-10,0,0,72.7,0.356857143,4.152028571,6.285714286,3.111857143
2021-04-17,0,0,71.17142857,0.350142857,1.285714286,8.7,-0.122571429
2021-04-24,-0.5,0,70.65714286,0.361857143,0,12.5,-0.091714286
2021-05-01,0,0,70.31428571,0.352714286,5.085185714,9.385714286,-0.015142857
2021-05-08,-0.5,0,71.45714286,0.365142857,2.4194,12.87142857,0.106714286
2021-05-15,-1,0,70.51428571,0.343,0.553085714,13.68571429,-0.137285714
2021-05-22,0.5,0,73.48571429,0.343571429,11.75097143,13.85714286,0.305714286
2021-05-29,0.5,0,70.92857143,0.337571429,1.8545,14.17142857,-0.199142857
2021-06-05,0.5,0,70.61428571,0.336857143,2.960671429,16.64285714,-0.030714285
2021-06-12,0,0,70.4,0.346857143,1.401057143,19.71428571,-0.106428572
2021-06-19,-0.5,0,70.28571429,0.349857143,2.866314286,17.44285714,0.137
2021-06-26,-1,0,70.5,0.347,1.6291,16.87142857,-0.091571428
2021-07-03,-1,0,69.3,0.357142857,9.276542857,18.17142857,-1.248857143
2021-07-10,-0.5,0,71.51428571,0.360142857,12.23068571,21.12857143,2.113571429
2021-07-17,-1,0,70.95714286,0.358428571,0.2097,23.05714286,-1.381714286
2021-07-24,-1,0,70.42857143,0.369714286,1.6776,22.61428571,0.059285714
2021-07-31,-1,0,69.7,0.380142857,1.106171429,23.48571429,-0.251428571
2021-08-07,-1,0,68.74285714,0.380714286,3.8074,24.04285714,-0.117428572
2021-08-14,-1,0,72.47142857,0.368,8.897871429,20.05714286,1.644714286
2021-08-21,-1,0,70.24285714,0.357571429,10.29488571,18.38571429,-2.992428571
2021-08-28,-0.5,0,68.82857143,0.357571429,9.912171429,19.95714286,2.930142857
2021-09-04,0,0,73.1,0.347571429,16.2739,17.02857143,-0.32242857
2021-09-11,-0.5,0,67.48571429,0.346571429,3.617285714,17.94285714,-0.179285714
2021-09-18,-1,0,72.48571429,0.360142857,4.492771429,16.22857143,0.723857143
2021-09-25,-0.5,0,74.38571429,0.367714286,3.246385714,16.37142857,0.030571428
2021-10-02,-0.5,0,74.54285714,0.363857143,2.665785714,16.02857143,0.030571429
2021-10-09,-0.5,0,74.35714286,0.353571429,2.361728571,17.55714286,0.046142857
2021-10-16,0.5,0,76.12857143,0.350571429,7.750971429,13.48571429,0.573142857
2021-10-23,-0.5,0,75.58571429,0.351428571,0.866314286,5.085714286,-0.588428571
2021-10-30,-0.5,0,74.1,0.358857143,0,6.842857143,-0.168285714
2021-11-06,-1,0,73.54285714,0.356571429,0.076014286,7.457142857,-0.106285715
2021-11-13,-0.5,0,72.97142857,0.352571429,1.857142857,3.771428571,-0.121142858
2021-11-20,-0.5,0,72.4,0.353571429,0,6.128571429,-0.090428572
2021-11-27,-1,0,71.67142857,0.362428571,0,0.928571429,-0.180142857
2021-12-04,-0.5,0,70.97142857,0.346285714,2.361728571,-0.342857143,-0.146142857
2021-12-11,-1,0,70.2,0.375571429,0.285714286,1.371428571,-0.181
2021-12-18,-1,0,69.21428571,0.383857143,0.076014286,-1.771428571,-0.218142857
2021-12-25,-1,0,68.1,0.378857143,0,-1.714285714,-0.251857143
2022-01-01,-1,0,67.02857143,0.407142857,0,-7.471428571,-0.173
2022-01-08,-0.5,0,65.27142857,0.416857143,0,-4.085714286,-0.319428572
2022-01-15,-1,0,63.77142857,0.414714286,0,-5.728571429,-0.302142857
2022-01-22,-1,0,62.18571429,0.417714286,0,-6.185714286,-0.31
2022-01-29,-1,0,60.65714286,0.426714286,0.142857143,-2.585714286,-0.306
2022-02-05,-1,0,59.02857143,0.429285714,0.142857143,-6.914285714,-0.345
2022-02-12,-1,0,57.4,0.421857143,0,-3.928571429,-0.327
2022-02-19,-1,0,55.68571429,0.433714286,0,-5.585714286,-0.362714286
2022-02-26,-1,0,53.87142857,0.429285714,0.076014286,-5.228571429,-0.354
2022-03-05,-1,-1,52.21428571,0.436714286,0,1.942857143,-0.335
2022-03-12,-1,-1,50.75714286,0.461714286,0,3.957142857,-0.289285715
2022-03-19,-0.5,0,50.25714286,0.400428571,10.10617143,4.371428571,0.026142858
2022-03-26,-0.5,0,51.27142857,0.391714286,2.647442857,3.642857143,1.882142857
2022-04-02,-0.5,0,66.82857143,0.378285714,1.2097,4.257142857,2.045428572
2022-04-09,-1,0,70.28571429,0.378857143,0,9.814285714,0.333285714
2022-04-16,-1,-1,71.57142857,0.385142857,2.304057143,10.2,0.336
2022-04-23,-1,-1.5,72.71428571,0.398285714,0,13.08571429,0.051142857
2022-04-30,-1,-1,72.85714286,0.366857143,3.857142857,12.07142857,0.075571428
2022-05-07,-1,-1,73.48571429,0.371142857,0.276542857,12.5,0.075714285
2022-05-14,-1,-1.5,73.01428571,0.364,0.504585714,11.44285714,-0.166428571
2022-05-21,-1,-1.5,71.92857143,0.367285714,0,16.15714286,-0.264142857
2022-05-28,-1,-1.5,70.38571429,0.379285714,0.608114286,17.84285714,-0.296142857
2022-06-04,-1,-1.5,68.52857143,0.395285714,0,18.21428571,-0.373285714
2022-06-11,-1,-1.5,68.3,0.391571429,7.1127,13.55714286,0.175142857
2022-06-18,-0.5,-1.5,68.15714286,0.402,2.456085714,16.71428571,-0.111142858
2022-06-25,0,-1,67.38571429,0.422571429,3.610757143,22.85714286,-0.186
2022-07-02,0,-1.5,66.9,0.422714286,4.364371429,24.17142857,-0.008857142
2022-07-09,-1,-1.5,64.31428571,0.408285714,0.553085714,24.14285714,-0.236857143
2022-07-16,-0.5,-1,64.44285714,0.412285714,12.41022857,21.4,0.884857143
2022-07-23,-0.5,-1,69.4,0.410285714,6.714285714,21.11428571,1.16
2022-07-30,-1,-1,71.62857143,0.392285714,2.200528571,22.31428571,-0.388857143
2022-08-06,-1,-1,70.01428571,0.411571429,1.923985714,24.61428571,-0.222857143
2022-08-13,1,0,65.32857143,0.411,24.26737143,23.6,0.35057143
2022-08-20,0.5,0,63.72857143,0.396571429,3.732628571,22.41428571,-1.560285714
2022-08-27,-1,0,64.02857143,0.378142857,0.656614286,19.7,0.057571428
2022-09-03,-0.5,0,65.1,0.359857143,14.88465714,16.04285714,-2.292142859
2022-09-10,-0.5,0,56.07142857,0.369285714,15.83351429,17.24285714,1.326
2022-09-17,-1,0,61.58571429,0.374857143,0.2097,18.97142857,0.537285714
2022-09-24,-0.5,0,70.2,0.368285714,9.842685714,14.27142857,2.072
2022-10-01,-1,0,70.84285714,0.364714286,0,13.81428571,-0.214142857
2022-10-08,0.5,0,71.87142857,0.358857143,10.61728571,12.08571429,0.585
2022-10-15,0,0,71.65714286,0.368428571,0.218871429,9.285714286,-0.493428572
2022-10-22,-0.5,0,70.48571429,0.395285714,0,9.857142857,-0.167714286
2022-10-29,-0.5,0,69.72857143,0.383428571,1.513757143,6.571428571,-0.087857142
2022-11-05,-1,0,69.21428571,0.374857143,0,6.057142857,-0.135714286
2022-11-12,0,0,68.47142857,0.374285714,0.571428571,7.957142857,-0.165
2022-11-19,-0.5,0,67.87142857,0.366285714,1.304057143,5.485714286,-0.119428571
2022-11-26,-0.5,0,67.65714286,0.361571429,3.5806,6.142857143,0.090428571
2022-12-03,0,0,68.14285714,0.365571429,1.352557143,1.03E-16,0.023142857
2022-12-10,-0.5,0,67.81428571,0.376571429,0,-1.785714286,-0.125285714
2022-12-17,-0.5,0,67.05714286,0.377142857,0.076014286,-5.671428571,-0.197571428
2022-12-24,-0.5,0,65.88571429,0.405857143,0.142857143,-9.357142857,-0.294
2022-12-31,-0.5,0,64.38571429,0.425714286,0,-6.128571429,-0.008714286
2023-01-07,-0.5,0,62.85714286,0.431,0,-3.971428571,-0.211285714
2023-01-14,0,0,61.47142857,0.432571429,2.085185714,1.785714286,-0.261857143
2023-01-21,0.5,0,60.45714286,0.424,1.218871429,-5.957142857,-0.254428571
2023-01-28,0,0,58.91428571,0.432142857,0,-9.3,-0.364142857
2023-02-04,0,0,57.28571429,0.431285714,0,-4.114285714,-0.332285714
2023-02-11,-0.5,0,55.71428571,0.411714286,0.7903,-2.057142857,-0.328857143
2023-02-18,-0.5,0,54.27142857,0.413,0.723457143,-1.771428571,-0.317857143
2023-02-25,-0.5,0,52.8,0.412,0,-1.7,-0.275571429
2023-03-04,-1,0,51.52857143,0.386571429,0,1.528571429,-0.254142858
2023-03-11,-1,0,50.74285714,0.384,0,8.9,-0.106285714
2023-03-18,-0.5,0,50.47142857,0.372714286,0.504585714,4.142857143,-0.093
2023-03-25,-1,0,49.8,0.378857143,2.170371429,6.8,-0.105857143
2023-04-01,-1,0,48.44285714,0.351714286,0,7,-0.117285715
2023-04-08,-1,0,47.14285714,0.343285714,2.893828571,8.142857143,-0.090142857
2023-04-15,-1,0,46.77142857,0.346571429,0.847971429,10.68571429,-0.115142857
2023-04-22,-1,0,46.1,0.341857143,0.866314286,10.11428571,-0.152285714
2023-04-29,-1,0,45.1,0.353142857,0.714285714,8.885714286,-0.263428571
2023-05-06,0,0,44.45714286,0.354428571,10.1612,12.45714286,0.521142857
2023-05-13,0.5,0,54.62857143,0.341,0,12.02857143,1.928142857
2023-05-20,-1,0,55.28571429,0.340571429,0.808642857,16.81428571,-0.104142857
2023-05-27,-1,0,54.32857143,0.343571429,0,15.27142857,-0.235857143
2023-06-03,0,0,53.47142857,0.349142857,3.1612,17.08571429,-0.200714286
2023-06-10,0,0,51.74285714,0.359285714,1.893828571,18.81428571,-0.417714285
2023-06-17,0,0,50.45714286,0.351285714,3.336857143,18.44285714,-0.242285714
2023-06-24,-0.5,0,49.44285714,0.351142857,5.276542857,19.02857143,-0.185142857
2023-07-01,0.5,0,50.85714286,0.352285714,7.972485714,21.92857143,-1.798428571
2023-07-08,-0.5,0,44.92857143,0.363428571,2.866314286,22.04285714,-1.216285714
2023-07-15,1,0,46.07142857,0.355,15.67107143,22.45714286,-0.818
2023-07-22,0,0,41.91428571,0.376,1.428571429,22.55714286,-1.141714286
2023-07-29,-1,0,43.54285714,0.41,1.267371429,24.34285714,0.073285714
2023-08-05,-1,0,42.77142857,0.429285714,0.133685714,25.35714286,-0.266428572
2023-08-12,0,0,45.95714286,0.41,23.53862857,21.35714286,3.28757143
2023-08-19,-1,0,57.85714286,0.390428571,0,22.4,0.265142858
2023-08-26,0,0,61.55714286,0.370857143,14.47178571,22.75714286,2.506
2023-09-02,0,0,73.38571429,0.359,10.77584286,20.52857143,0.541285714
2023-09-09,-1,0,70.48571429,0.369142857,0.076014286,19.25714286,-0.617714285
2023-09-16,-0.5,0,70.82857143,0.364,10.24374286,19.24285714,0.886857142
2023-09-23,0.5,0,73.98571429,0.368428571,11.35644286,17.45714286,-0.51657143
2023-09-30,0.5,0,70.98571429,0.362571429,5.094357143,16.44285714,-0.037428571
2023-10-07,-0.5,0,70.15714286,0.350428571,0,11.15714286,-0.340428572
2023-10-14,-0.5,0,69.38571429,0.363857143,1.522928571,10.85714286,-0.126714286
2023-10-21,-0.5,0,68.6,0.374,0.361728571,9.685714286,-0.206857143
2023-10-28,0,0,67.71428571,0.365,1.7418,9.814285714,-0.149428571
2023-11-04,0,0,66.91428571,0.368571429,0.933157143,12.85714286,-0.194428571
2023-11-11,0.5,0,66.51428571,0.367285714,3.085185714,7.657142857,-0.057142857
2023-11-18,-0.5,0,65.7,0.374714286,0,0.4,-0.237285715
2023-11-25,-0.5,0,64.54285714,0.383285714,0,2.928571429,-0.266285714
2023-12-02,-0.5,0,63.25714286,0.381285714,0.352557143,-1.728571429,-0.291
2023-12-09,0,0,61.94285714,0.381571429,0.847971429,2.757142857,-0.257857143
2023-12-16,2,1,70.01428571,0.372142857,19.86242857,1.7,2.564428574
2023-12-23,1.5,1,65.41428571,0.397714286,0,-10.21428571,-2.223857143
2023-12-30,0.5,1,63.25714286,0.411428571,0.285714286,-3.371428571,0.061
2024-01-06,0,1,63.12857143,0.401714286,1.267371429,-0.7,0.038
2024-01-13,0,0,62.57142857,0.400428571,0,-3.842857143,-0.048428571
2024-01-20,0.5,0,61.82857143,0.392142857,5.513757143,-1.1,-0.154285714
2024-01-27,0,0,61,0.405857143,0.142857143,-8.471428571,-0.118571429
2024-02-03,-0.5,0,60.04285714,0.423428571,0.276542857,-3,-0.167285714
2024-02-10,1,0,59.15714286,0.419428571,4.954142857,-3.728571429,-0.164142857
2024-02-17,0.5,0,62.12857143,0.417,2.191357143,1.528571429,2.129285714
2024-02-24,2,1,72.94285714,0.414428571,11.0485,-0.385714286,0.565571428
2024-03-02,0.5,1,70.31428571,0.424428571,0.428571429,-3.414285714,-0.277
2024-03-09,0,1.5,69.92857143,0.403428571,0.866314286,-0.985714286,0
2024-03-16,-0.5,1,70.58571429,0.395857143,0.066842857,3.9,0.475142857
2024-03-23,1,0,72.1,0.384428571,2,3.342857143,0.033142858
2024-03-30,1.5,1,73.41428571,0.369285714,6.6291,4.714285714,0.403428571
2024-04-06,0.5,1,72.37142857,0.375857143,1.009171429,8.928571429,-0.552714285
2024-04-13,-0.5,1,70.97142857,0.375142857,0,11.58571429,-0.229428571
2024-04-20,0,1,69.98571429,0.386142857,2.598942857,13.61428571,-0.178142857
2024-04-27,-0.5,1,70.64285714,0.381428571,3.152028571,12.54285714,0.227
2024-05-04,-0.5,0,65.55714286,0.375285714,0,12.68571429,-1.277714286
2024-05-11,0,1,64.61428571,0.371714286,2.465257143,13.48571429,0.047571428
2024-05-18,0,1,64.97142857,0.359571429,5.237214286,14.44285714,0.303714285
2024-05-25,-0.5,1,66.22857143,0.375,0,16.45714286,0.016142857
2024-06-01,-0.5,1,65.61428571,0.362285714,1.237214286,15.71428571,-0.208571428
2024-06-08,-1,0,64.25714286,0.374285714,0.428571429,16.17142857,-0.348
2024-06-15,-1,0,62.48571429,0.378857143,3.783771429,22.22857143,-0.334285714
2024-06-22,-0.5,0,61.21428571,0.399285714,10.63827143,22.05714286,-0.147571429
2024-06-29,-0.5,0,62.98571429,0.381714286,5.589771429,20.72857143,0.386
2024-07-06,0,0,64.41428571,0.382285714,12.61075714,23.24285714,-2.038142857
2024-07-13,0.5,0,46.72857143,0.397142857,11.66314286,21.82857143,-1.304714286
2024-07-20,0,0,56.14285714,0.386571429,9.018342857,22.87142857,5.107714285
2024-07-27,0,0,71.2,0.396857143,4.988185714,26.01428571,-0.130714286
2024-08-03,-1,0,69.5,0.427285714,0,27.17142857,-0.338571428
2024-08-10,-1,0,69.07142857,0.423,4.069485714,24.74285714,0.031857143
2024-08-17,-1.5,0,68.01428571,0.424571429,0,24.14285714,-0.410714286
2024-08-24,-1,0,66.14285714,0.424428571,0.942328571,25.47142857,-0.395571428
2024-08-31,-1,0,68.88571429,0.416285714,20.22664286,21.77142857,1.843142857
2024-09-07,-1,0,70.78571429,0.406857143,2.2739,20.78571429,-0.795428572
2024-09-14,-0.5,0,70.07142857,0.410571429,4.255557143,23.32857143,0.113857143
2024-09-21,0.5,0,68.84285714,0.411142857,26.06808571,21.78571429,2.43
2024-09-28,1,0,65.9,0.407571429,10.37742857,16.34285714,-1.247
2024-10-05,-0.5,0,71.78571429,0.382142857,1.361728571,13.57142857,-1.125
2024-10-12,-0.5,0,70.05714286,0.382571429,0.504585714,12.72857143,-0.129714285
2024-10-19,2,0,71.6,0.379571429,18.37214286,13.52857143,2.934
2024-10-26,1.5,0,65.28571429,0.367428571,2.352557143,10.34285714,-5.054857141
2024-11-02,1,0,63.58571429,0.365285714,3.133685714,9.857142857,1.667571429
2024-11-09,0,0,68.74285714,0.360285714,0.076014286,7.714285714,0.544142857
2024-11-16,-0.5,0,69.48571429,0.364857143,0,10.22857143,-0.035142858
2024-11-23,-0.5,0,69,0.366428571,0,3.471428571,-0.128142857
2024-11-30,0.5,0,68.4,0.358571429,1.304057143,0.885714286,-0.131571429
2024-12-07,0,0,67.74285714,0.373571429,0,0.942857143,-0.177857143
2024-12-14,-0.5,0,66.75714286,0.388428571,0,-2.257142857,-0.230428571
2024-12-21,-0.5,0,65.55714286,0.352857143,0.076014286,-3.271428571,-0.258428572
2024-12-28,-0.5,0,64.15714286,0.352857143,0,-4.257142857,-0.143142857
